"","samples","count","score"
"cl1_A",24,7,-0.434782608695652
"cl2_B",12,9,0.375
"cl3_C",59,37,0.267857142857143
