"","samples","count","score"
"cl1_A",25,13,0.0434782608695652
"cl2_B",13,9,0.3125
"cl3_C",57,45,0.589285714285714
