"","samples","count","score"
"cl1_A",40,11,-0.782608695652174
"cl2_B",30,9,-0.75
"cl3_C",25,17,0.160714285714286
