"","samples","count","score"
"cl1_A",36,16,-0.173913043478261
"cl2_B",10,7,0.25
"cl3_C",49,36,0.410714285714286
