cl2,AD,cl3,AD,cl2_inner,cl3_inner
0.000001789378,0.000024975232,0.000000000006,0.000035115606,0.000001112924,0.000000000002
34.0,22.0,82.0,22.0,35.0,85.0
