"Group","X_squared","df","p_value"
"cl2_hyper",44348.9480786416,1,0
"cl2_hypo",43906.6562381705,1,0
"cl3_hyper",42628.9961629215,1,0
"cl3_hypo",43406.8019476918,1,0
